<?xml version="1.0" encoding="UTF-8"?>
<addon id="plugin.video.freeview.cz" version="0.0.3" name="freeview.cz" provider-name="sleduj-tv">
    <requires>
        <import addon="script.module.requests"/>
        <import addon="script.module.beautifulsoup4"/>
        <import addon="inputstream.adaptive"/>
        <import addon="script.module.m3u8"/>
        <import addon="script.module.dateutil"/>
    </requires>
    <extension point="xbmc.python.pluginsource" library="main.py">
        <provides>video</provides>
    </extension>
    <extension point="xbmc.service" library="service.py"/>
    <extension point="xbmc.addon.metadata">
        <summary lang="en_GB">Playlist a sada resolverov</summary>
        <description lang="en_GB">Všetky tu získavané streamy sú verejne k dispozícii a využívajú ich primárne oficiálne stránky či aplikácie konkrétnych televízií. Upozorňujem, že toto je len kópia doplnku freeview.sk od cache-sk</description>
        <license>AGPL</license>
        <forum>not yet</forum>
        <source>https://github.com/sleduj-tv/plugin.video.freeview.cz</source>
        <assets>
            <icon>icon.jpg</icon>
        </assets>
        <news>
[B]0.0.3[/B]
- pridana stanica crime invest, zatial len v teste
[B]0.0.2[/B]
- pridane stanice prima cool sk, joj svet, slagr 1,2,3
[B]0.0.1[/B]
- inicialna verzia
        </news>
    </extension>
</addon>
